"Group","Mean Before Experiment","Mean After TSST","Mean After Jokes","F-value","Significance"
"Stressed Neutral",1.17647058823529,4.76470588235294,4.76470588235294,57.58,1.76760366674365e-13
"Stress Disparaging",1.17647058823529,3.76470588235294,3.76470588235294,25.71,2.57229882165888e-08
"No Stress Neutral",1.17647058823529,NA,1.11764705882353,3.63,0.0657238245639242
"No Stress Disparaging",1.17647058823529,NA,1.35294117647059,0.85,0.362524673440431
