"Group","Pr(>F).Start","Pr(>F).Middle","Pr(>F).Finish"
"Stress Type",0.248810324690299,1.06093754963243e-05,5.46564295605943e-42
"Humor Type",0.699788737386128,0.0324873780735677,5.7798049694665e-05
"Stress & Humor Type",0.699788737386134,0.00347618700206442,2.3543752661448e-07
