"Group","Pr(>F).Start","Pr(>F).Middle","Pr(>F).Finish"
"Stress Type",0.417267264437661,3.6626526813886e-09,9.30167551967961e-29
"Humor Type",0.626089014422881,0.418841508611866,4.84462819662921e-05
"Stress & Humor Type",0.626089014422883,0.839578654492808,0.524737134318041
